,Country,Prize,NumPlayers,Year
0,"Korea, Republic of","$177,886.16",49 Players,2002
1,United States,"$169,229.30",181 Players,2002
2,Germany,"$120,206.98",67 Players,2002
3,Russian Federation,"$110,308.90",39 Players,2002
4,Sweden,"$102,648.92",57 Players,2002
5,Canada,"$63,866.68",30 Players,2002
6,France,"$29,031.16",16 Players,2002
7,Norway,"$28,235.00",10 Players,2002
8,Japan,"$26,500.00",4 Players,2002
9,United Kingdom,"$24,886.70",10 Players,2002
10,Netherlands,"$14,083.33",8 Players,2002
11,"Taiwan, Republic of China","$11,000.00",2 Players,2002
12,China,"$10,400.00",7 Players,2002
13,Spain,"$10,300.00",2 Players,2002
14,Denmark,"$6,193.46",14 Players,2002
15,Austria,"$5,093.89",4 Players,2002
16,Poland,"$5,033.33",2 Players,2002
17,New Zealand,"$5,000.00",1 Player,2002
18,Italy,"$4,500.00",1 Player,2002
19,Finland,"$4,244.80",6 Players,2002
20,Brazil,"$3,536.60",21 Players,2002
21,Kazakhstan,"$3,500.00",10 Players,2002
22,Argentina,"$3,400.00",2 Players,2002
23,Australia,"$3,250.00",6 Players,2002
24,Czech Republic,"$3,000.00",5 Players,2002
25,Hong Kong,"$1,750.00",1 Player,2002
26,Ukraine,"$1,750.00",1 Player,2002
27,Viet Nam,"$1,589.83",1 Player,2002
28,Chile,"$1,500.00",8 Players,2002
29,Singapore,"$1,250.00",5 Players,2002
30,Portugal,"$1,000.00",1 Player,2002
31,South Africa,"$1,000.00",1 Player,2002
32,Lithuania,$600.00,1 Player,2002
33,Israel,$300.00,1 Player,2002
34,Serbia,$300.00,1 Player,2002
35,Jamaica,$83.33,1 Player,2002
36,Bulgaria,$50.00,1 Player,2002
0,Sweden,"$365,286.70",101 Players,2003
1,"Korea, Republic of","$310,600.11",99 Players,2003
2,United States,"$272,474.28",187 Players,2003
3,Germany,"$239,864.77",66 Players,2003
4,Norway,"$73,150.51",8 Players,2003
5,Russian Federation,"$62,292.20",105 Players,2003
6,France,"$46,654.67",33 Players,2003
7,Netherlands,"$37,592.42",12 Players,2003
8,Bulgaria,"$37,558.38",7 Players,2003
9,China,"$33,150.00",21 Players,2003
10,United Kingdom,"$32,658.36",18 Players,2003
11,Spain,"$30,122.92",29 Players,2003
12,"Taiwan, Republic of China","$29,350.00",5 Players,2003
13,Canada,"$28,991.71",16 Players,2003
14,Denmark,"$25,393.92",31 Players,2003
15,Italy,"$23,892.18",4 Players,2003
16,Austria,"$15,658.35",6 Players,2003
17,Brazil,"$14,375.50",16 Players,2003
18,Kazakhstan,"$13,380.00",15 Players,2003
19,Finland,"$11,352.45",17 Players,2003
20,Poland,"$10,830.38",10 Players,2003
21,Ukraine,"$7,494.05",44 Players,2003
22,Romania,"$5,287.18",1 Player,2003
23,Australia,"$5,030.00",2 Players,2003
24,Czech Republic,"$4,981.80",12 Players,2003
25,Argentina,"$4,130.00",2 Players,2003
26,Belarus,"$2,869.55",22 Players,2003
27,Serbia,"$2,300.00",1 Player,2003
28,Singapore,"$2,000.00",5 Players,2003
29,Belgium,"$1,507.14",3 Players,2003
30,Iceland,"$1,500.00",5 Players,2003
31,Lithuania,"$1,400.00",1 Player,2003
32,Hong Kong,"$1,195.36",1 Player,2003
33,Israel,$650.00,1 Player,2003
34,Greece,$431.00,1 Player,2003
35,Hungary,$368.22,1 Player,2003
36,Viet Nam,$327.77,1 Player,2003
37,Croatia,$240.62,1 Player,2003
38,Portugal,$210.00,1 Player,2003
39,Ireland,$100.02,1 Player,2003
40,Mexico,$100.00,1 Player,2003
41,Estonia,$50.00,1 Player,2003
42,Japan,$0.00,10 Players,2003
0,"Korea, Republic of","$786,279.02",227 Players,2004
1,United States,"$458,179.07",238 Players,2004
2,Sweden,"$311,233.52",116 Players,2004
3,Germany,"$286,897.24",96 Players,2004
4,China,"$192,627.92",104 Players,2004
5,Russian Federation,"$140,988.34",137 Players,2004
6,Netherlands,"$123,888.74",9 Players,2004
7,Denmark,"$110,907.82",25 Players,2004
8,Brazil,"$66,358.45",61 Players,2004
9,France,"$63,487.90",41 Players,2004
10,Finland,"$55,440.40",42 Players,2004
11,Norway,"$49,682.24",49 Players,2004
12,Canada,"$36,791.62",22 Players,2004
13,Austria,"$33,292.85",17 Players,2004
14,Bulgaria,"$16,714.26",14 Players,2004
15,Poland,"$16,019.78",16 Players,2004
16,United Kingdom,"$14,988.84",16 Players,2004
17,Singapore,"$14,800.00",6 Players,2004
18,Venezuela,"$14,300.00",2 Players,2004
19,Ukraine,"$14,137.75",68 Players,2004
20,Italy,"$10,680.00",5 Players,2004
21,Portugal,"$8,928.00",18 Players,2004
22,Argentina,"$7,378.00",2 Players,2004
23,Spain,"$5,654.34",25 Players,2004
24,Czech Republic,"$5,524.57",11 Players,2004
25,Japan,"$5,278.00",11 Players,2004
26,Romania,"$3,897.00",6 Players,2004
27,Croatia,"$3,802.57",1 Player,2004
28,Kazakhstan,"$3,360.71",3 Players,2004
29,Belarus,"$2,802.66",9 Players,2004
30,Hong Kong,"$2,625.00",7 Players,2004
31,Serbia,"$2,476.50",1 Player,2004
32,Thailand,"$1,590.22",1 Player,2004
33,Greece,"$1,571.40",9 Players,2004
34,Peru,"$1,500.00",2 Players,2004
35,Ireland,"$1,250.00",1 Player,2004
36,Israel,"$1,200.00",2 Players,2004
37,Chile,"$1,000.00",5 Players,2004
38,Hungary,"$1,000.00",5 Players,2004
39,Saudi Arabia,"$1,000.00",1 Player,2004
40,Uruguay,$500.00,1 Player,2004
41,Belgium,$400.00,1 Player,2004
42,Viet Nam,$100.00,5 Players,2004
43,"Taiwan, Republic of China",$65.00,3 Players,2004
44,Slovenia,$50.00,2 Players,2004
45,Malta,$33.33,1 Player,2004
46,Bahrain,$25.00,1 Player,2004
47,"Iran, Islamic Republic of",$20.00,1 Player,2004
0,United States,"$847,732.98",305 Players,2005
1,"Korea, Republic of","$805,612.34",105 Players,2005
2,Germany,"$426,086.92",173 Players,2005
3,Sweden,"$401,672.14",110 Players,2005
4,Netherlands,"$268,962.76",14 Players,2005
5,China,"$217,858.28",78 Players,2005
6,Italy,"$180,460.23",6 Players,2005
7,Russian Federation,"$179,006.69",138 Players,2005
8,Norway,"$136,776.08",56 Players,2005
9,Canada,"$122,441.67",29 Players,2005
10,Denmark,"$91,343.60",59 Players,2005
11,Brazil,"$85,315.15",44 Players,2005
12,France,"$82,799.36",58 Players,2005
13,Austria,"$57,345.96",14 Players,2005
14,United Kingdom,"$53,969.54",13 Players,2005
15,Spain,"$35,343.64",26 Players,2005
16,Finland,"$31,744.32",31 Players,2005
17,Poland,"$31,556.40",14 Players,2005
18,Estonia,"$30,833.37",11 Players,2005
19,Kazakhstan,"$28,360.71",8 Players,2005
20,Japan,"$18,275.00",19 Players,2005
21,Bulgaria,"$16,591.85",8 Players,2005
22,Ukraine,"$15,492.33",38 Players,2005
23,Saudi Arabia,"$13,000.00",1 Player,2005
24,Singapore,"$10,000.00",1 Player,2005
25,Australia,"$7,400.00",5 Players,2005
26,Belgium,"$7,306.75",7 Players,2005
27,Serbia,"$6,500.00",6 Players,2005
28,Lithuania,"$5,911.20",1 Player,2005
29,Hungary,"$5,591.25",2 Players,2005
30,Slovenia,"$4,166.67",1 Player,2005
31,Croatia,"$3,590.89",1 Player,2005
32,Czech Republic,"$2,919.82",3 Players,2005
33,Turkey,"$2,802.15",6 Players,2005
34,Argentina,"$2,400.00",16 Players,2005
35,Romania,"$1,500.00",6 Players,2005
36,Belarus,"$1,312.26",11 Players,2005
37,Israel,"$1,300.00",1 Player,2005
38,Thailand,"$1,268.39",1 Player,2005
39,Switzerland,"$1,000.00",1 Player,2005
40,New Zealand,$600.00,1 Player,2005
41,Chile,$575.00,6 Players,2005
42,Viet Nam,$450.00,6 Players,2005
43,Malta,$350.00,1 Player,2005
44,Iceland,$157.79,1 Player,2005
45,Venezuela,$150.00,1 Player,2005
46,Greece,$119.49,1 Player,2005
47,Hong Kong,$100.00,1 Player,2005
48,Portugal,$50.00,1 Player,2005
0,United States,"$1,553,259.46",391 Players,2006
1,"Korea, Republic of","$952,494.00",137 Players,2006
2,Sweden,"$578,527.48",113 Players,2006
3,Germany,"$418,504.41",194 Players,2006
4,China,"$371,057.64",98 Players,2006
5,Russian Federation,"$357,690.67",175 Players,2006
6,France,"$205,998.11",87 Players,2006
7,Poland,"$117,577.46",29 Players,2006
8,Brazil,"$113,742.45",56 Players,2006
9,Netherlands,"$107,079.41",46 Players,2006
10,Norway,"$102,534.81",52 Players,2006
11,Ukraine,"$74,100.57",77 Players,2006
12,Denmark,"$69,003.91",66 Players,2006
13,Spain,"$60,848.70",24 Players,2006
14,Canada,"$59,508.44",36 Players,2006
15,Finland,"$57,884.86",47 Players,2006
16,United Kingdom,"$39,707.06",42 Players,2006
17,Estonia,"$38,138.25",13 Players,2006
18,Austria,"$35,351.35",11 Players,2006
19,Italy,"$25,388.84",16 Players,2006
20,Japan,"$25,100.12",15 Players,2006
21,Australia,"$20,270.50",11 Players,2006
22,Belarus,"$19,669.11",7 Players,2006
23,Romania,"$17,073.70",12 Players,2006
24,Bulgaria,"$14,753.05",6 Players,2006
25,Croatia,"$10,250.47",3 Players,2006
26,Mexico,"$10,020.00",4 Players,2006
27,Czech Republic,"$8,218.06",18 Players,2006
28,Belgium,"$7,178.90",9 Players,2006
29,Portugal,"$3,802.25",30 Players,2006
30,Peru,"$3,200.00",3 Players,2006
31,Turkey,"$2,608.70",4 Players,2006
32,Malaysia,"$2,500.00",5 Players,2006
33,Kazakhstan,"$2,431.10",11 Players,2006
34,Greece,"$2,370.00",6 Players,2006
35,Ireland,"$1,903.50",5 Players,2006
36,Switzerland,"$1,689.55",5 Players,2006
37,Argentina,"$1,632.74",7 Players,2006
38,Thailand,"$1,450.00",1 Player,2006
39,Serbia,"$1,102.67",1 Player,2006
40,Hong Kong,"$1,000.00",1 Player,2006
41,Israel,$866.67,1 Player,2006
42,Indonesia,$823.23,6 Players,2006
43,South Africa,$770.71,5 Players,2006
44,Hungary,$696.32,3 Players,2006
45,Slovakia,$500.00,5 Players,2006
46,Venezuela,$350.00,2 Players,2006
47,"Taiwan, Republic of China",$310.15,1 Player,2006
48,Colombia,$300.00,1 Player,2006
49,Viet Nam,$264.90,19 Players,2006
50,Lithuania,$242.00,1 Player,2006
51,Chile,$150.00,1 Player,2006
52,"Iran, Islamic Republic of",$88.84,1 Player,2006
53,Malta,$70.00,1 Player,2006
54,Slovenia,$37.50,1 Player,2006
55,Morocco,$25.59,1 Player,2006
0,United States,"$2,054,136.01",632 Players,2007
1,"Korea, Republic of","$1,526,604.07",142 Players,2007
2,Sweden,"$467,060.41",144 Players,2007
3,Germany,"$422,771.79",219 Players,2007
4,Canada,"$322,959.50",113 Players,2007
5,Russian Federation,"$273,603.30",180 Players,2007
6,China,"$225,139.16",91 Players,2007
7,France,"$202,257.40",116 Players,2007
8,Poland,"$200,366.06",49 Players,2007
9,Denmark,"$193,117.38",87 Players,2007
10,United Kingdom,"$187,310.46",115 Players,2007
11,Finland,"$127,774.70",61 Players,2007
12,Netherlands,"$125,726.57",41 Players,2007
13,Ukraine,"$116,652.80",107 Players,2007
14,Brazil,"$101,838.71",46 Players,2007
15,Norway,"$92,795.21",53 Players,2007
16,Singapore,"$36,095.55",15 Players,2007
17,Mexico,"$35,100.00",16 Players,2007
18,Japan,"$30,557.13",14 Players,2007
19,Australia,"$23,783.82",22 Players,2007
20,Italy,"$23,333.43",17 Players,2007
21,Austria,"$21,779.83",15 Players,2007
22,Spain,"$21,526.68",26 Players,2007
23,Serbia,"$13,266.67",1 Player,2007
24,Bulgaria,"$11,581.74",8 Players,2007
25,Belarus,"$10,296.82",4 Players,2007
26,Belgium,"$9,384.69",7 Players,2007
27,Estonia,"$6,464.67",4 Players,2007
28,Kazakhstan,"$5,471.00",8 Players,2007
29,Slovenia,"$5,342.39",2 Players,2007
30,Turkey,"$4,496.83",6 Players,2007
31,Switzerland,"$4,075.38",17 Players,2007
32,Hungary,"$3,469.46",13 Players,2007
33,Hong Kong,"$3,428.56",4 Players,2007
34,"Taiwan, Republic of China","$3,406.97",2 Players,2007
35,Ireland,"$3,363.23",3 Players,2007
36,Peru,"$3,116.40",3 Players,2007
37,Croatia,"$2,971.63",3 Players,2007
38,Latvia,"$2,968.55",2 Players,2007
39,Portugal,"$2,888.03",8 Players,2007
40,Romania,"$2,700.00",15 Players,2007
41,Czech Republic,"$2,236.44",6 Players,2007
42,Viet Nam,$866.67,2 Players,2007
43,Argentina,$800.00,2 Players,2007
44,Slovakia,$795.48,2 Players,2007
45,Chile,$447.30,4 Players,2007
46,Iceland,$395.78,1 Player,2007
47,"Moldova, Republic of",$98.00,5 Players,2007
0,United States,"$1,560,564.56",503 Players,2008
1,"Korea, Republic of","$1,528,629.08",212 Players,2008
2,United Kingdom,"$832,180.83",205 Players,2008
3,Sweden,"$521,539.40",141 Players,2008
4,Germany,"$488,020.74",208 Players,2008
5,China,"$297,627.68",97 Players,2008
6,Denmark,"$261,249.82",114 Players,2008
7,Russian Federation,"$217,696.40",206 Players,2008
8,France,"$195,346.71",141 Players,2008
9,Canada,"$168,759.94",61 Players,2008
10,Netherlands,"$148,190.69",64 Players,2008
11,Poland,"$125,015.15",24 Players,2008
12,Spain,"$116,362.28",48 Players,2008
13,Ukraine,"$106,744.51",60 Players,2008
14,Finland,"$95,177.60",85 Players,2008
15,Brazil,"$66,711.40",12 Players,2008
16,Italy,"$60,765.25",23 Players,2008
17,Portugal,"$56,184.38",22 Players,2008
18,Singapore,"$55,469.50",20 Players,2008
19,Australia,"$47,000.00",11 Players,2008
20,Austria,"$43,786.37",12 Players,2008
21,Mexico,"$30,035.95",11 Players,2008
22,Japan,"$28,931.00",9 Players,2008
23,Belgium,"$26,817.85",26 Players,2008
24,Czech Republic,"$23,175.37",14 Players,2008
25,Belarus,"$22,583.33",3 Players,2008
26,"Taiwan, Republic of China","$22,000.00",7 Players,2008
27,Romania,"$20,477.40",10 Players,2008
28,Norway,"$15,603.56",33 Players,2008
29,Slovakia,"$12,206.91",6 Players,2008
30,Hungary,"$11,942.20",21 Players,2008
31,Malaysia,"$8,000.00",5 Players,2008
32,Croatia,"$7,258.34",2 Players,2008
33,Bulgaria,"$6,849.44",9 Players,2008
34,Malta,"$3,148.29",9 Players,2008
35,Argentina,"$3,000.00",1 Player,2008
36,Turkey,"$2,475.84",8 Players,2008
37,Switzerland,"$2,012.79",4 Players,2008
38,Iceland,"$1,407.62",1 Player,2008
39,Estonia,"$1,332.96",2 Players,2008
40,Serbia,"$1,080.00",1 Player,2008
41,Hong Kong,$995.48,2 Players,2008
42,Lithuania,$816.50,6 Players,2008
43,Slovenia,$666.48,1 Player,2008
44,Ireland,$655.20,2 Players,2008
45,Latvia,$648.90,1 Player,2008
46,South Africa,$404.83,1 Player,2008
47,Ecuador,$347.74,1 Player,2008
48,Kazakhstan,$329.67,1 Player,2008
49,Puerto Rico,$222.00,2 Players,2008
50,Chile,$175.00,1 Player,2008
51,Pakistan,$50.00,1 Player,2008
0,"Korea, Republic of","$941,787.71",130 Players,2009
1,United States,"$710,723.12",819 Players,2009
2,Sweden,"$440,534.36",131 Players,2009
3,China,"$338,757.87",104 Players,2009
4,Germany,"$292,958.46",211 Players,2009
5,Denmark,"$157,473.35",106 Players,2009
6,France,"$146,929.12",173 Players,2009
7,Russian Federation,"$129,295.55",127 Players,2009
8,Poland,"$121,890.50",44 Players,2009
9,United Kingdom,"$110,877.19",126 Players,2009
10,Netherlands,"$69,096.88",48 Players,2009
11,Ukraine,"$64,924.79",74 Players,2009
12,Finland,"$58,497.78",68 Players,2009
13,Spain,"$57,170.46",31 Players,2009
14,Kazakhstan,"$48,993.10",53 Players,2009
15,Canada,"$44,715.25",105 Players,2009
16,Norway,"$28,500.55",42 Players,2009
17,Japan,"$23,025.75",8 Players,2009
18,Bulgaria,"$20,818.08",38 Players,2009
19,Slovakia,"$19,790.28",5 Players,2009
20,Belgium,"$14,029.98",22 Players,2009
21,Czech Republic,"$12,843.80",13 Players,2009
22,Singapore,"$12,124.30",15 Players,2009
23,Italy,"$9,981.79",8 Players,2009
24,Austria,"$8,999.88",15 Players,2009
25,Belarus,"$8,658.88",12 Players,2009
26,Brazil,"$7,800.00",11 Players,2009
27,Turkey,"$7,640.91",7 Players,2009
28,"Taiwan, Republic of China","$7,000.00",1 Player,2009
29,Bosnia and Herzegovina,"$6,615.03",1 Player,2009
30,Uruguay,"$6,000.00",1 Player,2009
31,Mexico,"$5,050.00",2 Players,2009
32,Malaysia,"$5,048.10",12 Players,2009
33,Hungary,"$4,988.41",4 Players,2009
34,Croatia,"$4,700.00",1 Player,2009
35,Serbia,"$4,000.00",1 Player,2009
36,Argentina,"$3,660.00",15 Players,2009
37,Malta,"$3,396.00",14 Players,2009
38,Australia,"$3,025.00",2 Players,2009
39,Portugal,"$2,923.24",9 Players,2009
40,Hong Kong,"$2,500.00",1 Player,2009
41,Chile,"$2,248.35",5 Players,2009
42,Estonia,"$2,017.87",9 Players,2009
43,Latvia,"$1,507.09",6 Players,2009
44,Switzerland,"$1,391.84",5 Players,2009
45,Ireland,"$1,279.18",4 Players,2009
46,Viet Nam,"$1,263.25",22 Players,2009
47,Pakistan,"$1,100.00",6 Players,2009
48,Uzbekistan,"$1,000.00",5 Players,2009
49,Peru,$787.27,2 Players,2009
50,United Arab Emirates,$600.00,6 Players,2009
51,Indonesia,$600.00,2 Players,2009
52,Slovenia,$553.12,1 Player,2009
53,Iceland,$426.50,1 Player,2009
54,"Iran, Islamic Republic of",$420.12,1 Player,2009
55,Algeria,$222.27,1 Player,2009
56,Ecuador,$182.62,1 Player,2009
57,Lithuania,$180.53,2 Players,2009
58,India,$100.00,1 Player,2009
59,Philippines,$100.00,1 Player,2009
60,Saudi Arabia,$0.00,1 Player,2009
0,United States,"$1,592,229.33",634 Players,2010
1,"Korea, Republic of","$1,454,747.33",253 Players,2010
2,Sweden,"$397,846.89",168 Players,2010
3,China,"$342,911.30",107 Players,2010
4,Germany,"$342,844.14",476 Players,2010
5,Ukraine,"$272,262.63",87 Players,2010
6,France,"$229,807.39",205 Players,2010
7,Russian Federation,"$173,172.72",153 Players,2010
8,Denmark,"$157,860.82",116 Players,2010
9,Canada,"$131,693.43",111 Players,2010
10,United Kingdom,"$117,667.40",183 Players,2010
11,Brazil,"$94,017.91",43 Players,2010
12,Finland,"$90,040.65",105 Players,2010
13,Poland,"$88,194.16",62 Players,2010
14,Kazakhstan,"$52,204.30",73 Players,2010
15,Netherlands,"$50,565.08",64 Players,2010
16,Italy,"$42,598.94",15 Players,2010
17,Japan,"$39,709.04",20 Players,2010
18,Belarus,"$34,430.90",4 Players,2010
19,Norway,"$30,380.33",48 Players,2010
20,Austria,"$20,018.77",33 Players,2010
21,Peru,"$19,641.74",5 Players,2010
22,Australia,"$18,683.11",25 Players,2010
23,Belgium,"$16,542.52",33 Players,2010
24,Thailand,"$15,697.88",5 Players,2010
25,"Taiwan, Republic of China","$14,679.41",26 Players,2010
26,Spain,"$14,052.98",36 Players,2010
27,Portugal,"$11,851.38",37 Players,2010
28,Singapore,"$11,356.72",15 Players,2010
29,Argentina,"$11,292.86",8 Players,2010
30,Turkey,"$10,234.69",14 Players,2010
31,Hungary,"$9,377.64",6 Players,2010
32,Czech Republic,"$8,658.87",15 Players,2010
33,Malaysia,"$8,097.47",18 Players,2010
34,Mexico,"$7,000.00",6 Players,2010
35,Bulgaria,"$6,044.99",13 Players,2010
36,Viet Nam,"$5,363.10",25 Players,2010
37,Slovakia,"$5,025.99",7 Players,2010
38,Serbia,"$4,609.55",3 Players,2010
39,Switzerland,"$4,559.10",10 Players,2010
40,Romania,"$4,053.15",19 Players,2010
41,Bosnia and Herzegovina,"$3,416.27",1 Player,2010
42,Malta,"$2,508.10",12 Players,2010
43,Estonia,"$2,357.36",6 Players,2010
44,Hong Kong,"$2,280.45",11 Players,2010
45,Israel,"$1,715.02",1 Player,2010
46,Ireland,"$1,618.91",8 Players,2010
47,Indonesia,"$1,038.35",6 Players,2010
48,Lithuania,"$1,031.62",4 Players,2010
49,Croatia,$897.68,2 Players,2010
50,Latvia,$408.71,1 Player,2010
51,India,$354.15,1 Player,2010
52,Philippines,$300.00,5 Players,2010
53,New Zealand,$296.83,2 Players,2010
54,South Africa,$179.29,2 Players,2010
55,Pakistan,$140.00,1 Player,2010
56,Chile,$90.00,2 Players,2010
57,Egypt,$77.98,1 Player,2010
58,Morocco,$13.93,1 Player,2010
0,"Korea, Republic of","$2,736,830.06",303 Players,2011
1,United States,"$2,084,160.37",782 Players,2011
2,Ukraine,"$829,074.10",55 Players,2011
3,China,"$725,732.87",149 Players,2011
4,United Kingdom,"$480,089.28",201 Players,2011
5,Sweden,"$475,467.60",148 Players,2011
6,Russian Federation,"$400,454.50",129 Players,2011
7,France,"$361,524.07",235 Players,2011
8,Germany,"$336,565.09",209 Players,2011
9,Poland,"$276,179.21",83 Players,2011
10,Canada,"$226,481.73",130 Players,2011
11,Estonia,"$204,897.31",19 Players,2011
12,Denmark,"$194,704.61",116 Players,2011
13,Singapore,"$154,054.25",21 Players,2011
14,Finland,"$109,363.77",85 Players,2011
15,"Taiwan, Republic of China","$72,139.74",19 Players,2011
16,Japan,"$59,438.30",15 Players,2011
17,Netherlands,"$54,215.54",58 Players,2011
18,Spain,"$49,564.20",45 Players,2011
19,Thailand,"$32,298.69",10 Players,2011
20,Portugal,"$32,290.21",36 Players,2011
21,Australia,"$31,930.20",26 Players,2011
22,Kazakhstan,"$28,410.89",207 Players,2011
23,Belgium,"$26,828.09",32 Players,2011
24,Brazil,"$26,422.21",31 Players,2011
25,Norway,"$25,278.70",29 Players,2011
26,Malaysia,"$24,160.59",20 Players,2011
27,Italy,"$23,294.41",18 Players,2011
28,Romania,"$18,654.83",29 Players,2011
29,Belarus,"$17,573.40",11 Players,2011
30,Serbia,"$15,973.69",31 Players,2011
31,Slovakia,"$14,308.75",8 Players,2011
32,Bosnia and Herzegovina,"$13,994.39",2 Players,2011
33,Austria,"$13,884.61",29 Players,2011
34,Bulgaria,"$13,036.75",29 Players,2011
35,Cuba,"$12,000.00",1 Player,2011
36,Israel,"$11,675.48",9 Players,2011
37,Mexico,"$11,283.00",4 Players,2011
38,Kyrgyzstan,"$11,281.99",8 Players,2011
39,Croatia,"$10,982.40",8 Players,2011
40,Philippines,"$10,636.26",14 Players,2011
41,Macao,"$10,327.42",1 Player,2011
42,Peru,"$9,316.74",8 Players,2011
43,Chile,"$8,009.04",2 Players,2011
44,Turkey,"$7,182.92",10 Players,2011
45,Hong Kong,"$6,815.84",15 Players,2011
46,Czech Republic,"$6,276.94",23 Players,2011
47,New Zealand,"$6,010.18",3 Players,2011
48,Hungary,"$5,911.17",16 Players,2011
49,Switzerland,"$5,489.45",6 Players,2011
50,Colombia,"$5,000.00",1 Player,2011
51,Iceland,"$5,000.00",1 Player,2011
52,Saudi Arabia,"$3,972.00",1 Player,2011
53,South Africa,"$3,209.35",11 Players,2011
54,Lithuania,"$3,137.96",12 Players,2011
55,United Arab Emirates,"$3,003.00",7 Players,2011
56,North Macedonia,"$2,730.00",8 Players,2011
57,Uzbekistan,"$2,649.59",8 Players,2011
58,Viet Nam,"$2,239.40",22 Players,2011
59,Puerto Rico,"$2,224.50",2 Players,2011
60,Indonesia,"$2,000.00",5 Players,2011
61,Ireland,"$1,362.61",6 Players,2011
62,Venezuela,"$1,357.14",1 Player,2011
63,Lebanon,$666.67,1 Player,2011
64,Latvia,$482.49,13 Players,2011
65,Greece,$427.85,10 Players,2011
66,Panama,$400.00,1 Player,2011
67,Armenia,$278.60,1 Player,2011
68,India,$273.00,1 Player,2011
69,Pakistan,$273.00,1 Player,2011
70,"Iran, Islamic Republic of",$137.64,1 Player,2011
71,Morocco,$83.25,1 Player,2011
0,"Korea, Republic of","$3,784,693.88",395 Players,2012
1,China,"$2,038,215.07",213 Players,2012
2,United States,"$1,321,001.03",690 Players,2012
3,"Taiwan, Republic of China","$883,755.48",31 Players,2012
4,Russian Federation,"$667,351.08",307 Players,2012
5,Sweden,"$509,346.80",248 Players,2012
6,Germany,"$461,387.46",319 Players,2012
7,Canada,"$459,460.20",173 Players,2012
8,France,"$456,151.25",278 Players,2012
9,Ukraine,"$332,569.30",95 Players,2012
10,Poland,"$311,833.81",122 Players,2012
11,Denmark,"$296,399.13",156 Players,2012
12,Malaysia,"$284,709.40",29 Players,2012
13,Hong Kong,"$213,427.99",14 Players,2012
14,Spain,"$198,951.71",125 Players,2012
15,United Kingdom,"$186,919.37",195 Players,2012
16,Finland,"$111,664.15",155 Players,2012
17,Netherlands,"$104,708.41",80 Players,2012
18,Belgium,"$93,078.43",38 Players,2012
19,Japan,"$92,747.62",31 Players,2012
20,Brazil,"$84,210.36",46 Players,2012
21,Singapore,"$79,249.31",58 Players,2012
22,Viet Nam,"$74,200.01",25 Players,2012
23,Estonia,"$66,213.25",9 Players,2012
24,Norway,"$65,759.00",47 Players,2012
25,Armenia,"$62,677.24",1 Player,2012
26,Philippines,"$61,299.50",44 Players,2012
27,Australia,"$59,346.14",66 Players,2012
28,Macao,"$43,568.82",1 Player,2012
29,Lithuania,"$37,862.67",12 Players,2012
30,Belarus,"$36,536.89",20 Players,2012
31,Mexico,"$31,401.50",15 Players,2012
32,Chile,"$25,261.40",11 Players,2012
33,Italy,"$24,912.09",14 Players,2012
34,Kazakhstan,"$23,333.46",110 Players,2012
35,Croatia,"$23,141.80",16 Players,2012
36,Romania,"$22,145.41",39 Players,2012
37,Austria,"$21,356.71",8 Players,2012
38,Switzerland,"$18,666.51",10 Players,2012
39,Portugal,"$15,982.90",59 Players,2012
40,Venezuela,"$15,046.47",2 Players,2012
41,Peru,"$13,654.55",9 Players,2012
42,New Zealand,"$13,310.85",20 Players,2012
43,Thailand,"$12,788.84",26 Players,2012
44,Israel,"$11,869.59",8 Players,2012
45,Serbia,"$10,825.60",23 Players,2012
46,Cuba,"$10,500.00",1 Player,2012
47,Bulgaria,"$9,420.46",22 Players,2012
48,Argentina,"$6,907.20",29 Players,2012
49,Slovakia,"$6,499.48",15 Players,2012
50,Czech Republic,"$5,926.50",29 Players,2012
51,Ireland,"$4,494.68",8 Players,2012
52,Turkey,"$3,074.43",24 Players,2012
53,Indonesia,"$3,000.00",6 Players,2012
54,Azerbaijan,"$2,500.00",5 Players,2012
55,India,"$2,413.00",7 Players,2012
56,North Macedonia,"$2,134.78",6 Players,2012
57,Mongolia,"$2,000.00",5 Players,2012
58,Hungary,"$1,917.02",11 Players,2012
59,Bosnia and Herzegovina,"$1,904.48",3 Players,2012
60,Malta,"$1,803.78",8 Players,2012
61,Greece,"$1,529.24",22 Players,2012
62,Åland Islands,"$1,260.00",12 Players,2012
63,Colombia,"$1,200.00",2 Players,2012
64,Puerto Rico,$817.50,1 Player,2012
65,Lebanon,$600.00,2 Players,2012
66,Bahrain,$500.00,1 Player,2012
67,Slovenia,$427.25,8 Players,2012
68,South Africa,$307.47,1 Player,2012
69,Iceland,$203.54,2 Players,2012
70,Costa Rica,$150.00,1 Player,2012
71,"Iran, Islamic Republic of",$128.69,1 Player,2012
72,Kuwait,$105.32,1 Player,2012
73,Latvia,$54.63,1 Player,2012
74,Morocco,$32.60,1 Player,2012
75,Saudi Arabia,$0.00,1 Player,2012
0,"Korea, Republic of","$5,443,207.42",459 Players,2013
1,United States,"$3,733,179.59",1155 Players,2013
2,Sweden,"$2,735,446.17",276 Players,2013
3,China,"$2,222,832.74",267 Players,2013
4,Ukraine,"$718,294.83",95 Players,2013
5,Russian Federation,"$611,375.32",324 Players,2013
6,Germany,"$582,964.22",339 Players,2013
7,Canada,"$516,178.98",188 Players,2013
8,France,"$515,129.55",310 Players,2013
9,Malaysia,"$412,760.28",63 Players,2013
10,Denmark,"$259,806.44",153 Players,2013
11,"Taiwan, Republic of China","$242,875.01",45 Players,2013
12,Poland,"$230,900.25",149 Players,2013
13,Spain,"$218,237.47",98 Players,2013
14,Estonia,"$217,960.90",15 Players,2013
15,Hong Kong,"$208,965.13",45 Players,2013
16,United Kingdom,"$195,248.30",251 Players,2013
17,Netherlands,"$183,808.59",90 Players,2013
18,Finland,"$159,734.73",130 Players,2013
19,Brazil,"$135,594.77",81 Players,2013
20,Singapore,"$125,155.15",69 Players,2013
21,Philippines,"$98,991.12",42 Players,2013
22,Norway,"$96,767.62",60 Players,2013
23,Japan,"$88,949.70",65 Players,2013
24,Belgium,"$86,379.71",36 Players,2013
25,Australia,"$80,166.21",38 Players,2013
26,Lithuania,"$79,249.81",23 Players,2013
27,Mexico,"$68,384.71",32 Players,2013
28,Turkey,"$57,515.46",33 Players,2013
29,Ireland,"$52,043.87",7 Players,2013
30,Viet Nam,"$43,867.99",92 Players,2013
31,Bulgaria,"$38,655.02",12 Players,2013
32,Belarus,"$34,410.13",20 Players,2013
33,Italy,"$34,358.80",49 Players,2013
34,Czech Republic,"$30,352.06",54 Players,2013
35,Thailand,"$27,498.09",37 Players,2013
36,Kazakhstan,"$26,496.01",34 Players,2013
37,Israel,"$26,195.66",4 Players,2013
38,Armenia,"$17,287.45",2 Players,2013
39,Macao,"$16,213.62",1 Player,2013
40,Romania,"$15,884.02",28 Players,2013
41,Morocco,"$15,800.47",6 Players,2013
42,Serbia,"$14,832.88",22 Players,2013
43,Switzerland,"$13,925.27",14 Players,2013
44,Argentina,"$13,522.94",14 Players,2013
45,Greece,"$12,994.95",23 Players,2013
46,Peru,"$12,179.66",18 Players,2013
47,Indonesia,"$11,000.00",10 Players,2013
48,"Iran, Islamic Republic of","$10,785.88",4 Players,2013
49,Venezuela,"$10,465.16",5 Players,2013
50,Austria,"$10,173.00",16 Players,2013
51,Slovakia,"$9,532.80",26 Players,2013
52,Portugal,"$8,893.51",40 Players,2013
53,Croatia,"$8,767.97",10 Players,2013
54,Azerbaijan,"$7,900.00",11 Players,2013
55,Hungary,"$6,363.66",29 Players,2013
56,Uruguay,"$6,000.00",1 Player,2013
57,Chile,"$5,948.79",12 Players,2013
58,Bosnia and Herzegovina,"$5,061.94",5 Players,2013
59,"Moldova, Republic of","$4,008.57",3 Players,2013
60,Slovenia,"$3,807.28",9 Players,2013
61,Puerto Rico,"$3,538.10",2 Players,2013
62,New Zealand,"$3,527.05",4 Players,2013
63,Cuba,"$3,000.00",1 Player,2013
64,Malta,"$2,536.00",33 Players,2013
65,Kuwait,"$2,000.00",5 Players,2013
66,Åland Islands,"$1,477.38",13 Players,2013
67,United Arab Emirates,"$1,200.00",2 Players,2013
68,Iceland,$820.90,7 Players,2013
69,Jordan,$800.00,4 Players,2013
70,Paraguay,$600.00,1 Player,2013
71,North Macedonia,$550.00,5 Players,2013
72,Latvia,$533.83,2 Players,2013
73,Bolivia,$451.60,1 Player,2013
74,Costa Rica,$400.00,1 Player,2013
75,Saudi Arabia,$255.00,1 Player,2013
76,Albania,$216.77,1 Player,2013
77,Faroe Islands,$40.00,1 Player,2013
0,China,"$12,295,318.81",428 Players,2014
1,"Korea, Republic of","$5,678,949.55",501 Players,2014
2,United States,"$4,044,118.36",1789 Players,2014
3,Sweden,"$2,133,514.58",367 Players,2014
4,Canada,"$1,427,151.96",255 Players,2014
5,Russian Federation,"$1,171,161.91",328 Players,2014
6,Ukraine,"$1,005,724.64",96 Players,2014
7,Germany,"$895,266.04",388 Players,2014
8,"Taiwan, Republic of China","$796,684.57",122 Players,2014
9,France,"$669,628.38",360 Players,2014
10,Denmark,"$669,605.85",190 Players,2014
11,Malaysia,"$569,737.63",64 Players,2014
12,Poland,"$463,108.47",195 Players,2014
13,Singapore,"$436,748.88",59 Players,2014
14,Netherlands,"$358,262.43",106 Players,2014
15,United Kingdom,"$309,109.19",316 Players,2014
16,Romania,"$308,106.44",56 Players,2014
17,Australia,"$251,144.53",135 Players,2014
18,Finland,"$237,887.80",202 Players,2014
19,Brazil,"$234,618.15",152 Players,2014
20,Estonia,"$229,422.58",18 Players,2014
21,Norway,"$197,287.00",84 Players,2014
22,Spain,"$193,625.17",163 Players,2014
23,Japan,"$165,895.30",99 Players,2014
24,Macao,"$149,017.41",2 Players,2014
25,Viet Nam,"$143,139.33",78 Players,2014
26,Turkey,"$142,183.93",59 Players,2014
27,Philippines,"$130,797.34",55 Players,2014
28,Hong Kong,"$125,949.44",53 Players,2014
29,Mexico,"$97,489.81",27 Players,2014
30,Belarus,"$95,383.61",30 Players,2014
31,Israel,"$64,725.19",9 Players,2014
32,Belgium,"$62,153.69",58 Players,2014
33,Argentina,"$56,007.12",36 Players,2014
34,Greece,"$52,555.15",69 Players,2014
35,Thailand,"$49,950.17",33 Players,2014
36,Peru,"$43,229.50",17 Players,2014
37,Chile,"$39,469.83",34 Players,2014
38,Hungary,"$35,334.65",32 Players,2014
39,Slovakia,"$34,674.33",32 Players,2014
40,Czech Republic,"$34,419.75",56 Players,2014
41,Kazakhstan,"$30,581.57",35 Players,2014
42,"Moldova, Republic of","$28,639.52",3 Players,2014
43,Morocco,"$23,822.38",4 Players,2014
44,Austria,"$23,074.72",26 Players,2014
45,Italy,"$21,453.36",42 Players,2014
46,Portugal,"$21,327.72",59 Players,2014
47,Switzerland,"$18,331.49",17 Players,2014
48,Uruguay,"$17,257.19",3 Players,2014
49,Bulgaria,"$17,156.36",39 Players,2014
50,Venezuela,"$15,935.35",8 Players,2014
51,Ireland,"$14,434.81",11 Players,2014
52,Serbia,"$13,339.07",18 Players,2014
53,New Zealand,"$11,895.00",15 Players,2014
54,Indonesia,"$10,572.25",16 Players,2014
55,Colombia,"$9,800.00",11 Players,2014
56,Lithuania,"$9,591.14",38 Players,2014
57,Croatia,"$9,467.73",31 Players,2014
58,Slovenia,"$7,466.79",13 Players,2014
59,Armenia,"$5,300.00",1 Player,2014
60,Tunisia,"$5,137.02",2 Players,2014
61,Latvia,"$4,694.70",10 Players,2014
62,Malta,"$4,612.88",48 Players,2014
63,South Africa,"$4,270.20",30 Players,2014
64,"Iran, Islamic Republic of","$4,128.87",2 Players,2014
65,Bolivia,"$3,911.60",1 Player,2014
66,Iceland,"$3,834.31",7 Players,2014
67,Bosnia and Herzegovina,"$3,532.71",8 Players,2014
68,Azerbaijan,"$3,500.00",6 Players,2014
69,Costa Rica,"$3,500.00",1 Player,2014
70,Panama,"$3,500.00",1 Player,2014
71,Cuba,"$3,400.00",2 Players,2014
72,Iraq,"$2,600.00",1 Player,2014
73,India,"$2,152.27",9 Players,2014
74,Puerto Rico,"$2,102.07",2 Players,2014
75,Mongolia,"$1,274.00",2 Players,2014
76,Ecuador,"$1,200.00",1 Player,2014
77,Saudi Arabia,$981.33,2 Players,2014
78,Afghanistan,$632.46,2 Players,2014
79,Albania,$527.07,3 Players,2014
80,Georgia,$500.00,1 Player,2014
81,Luxembourg,$411.45,3 Players,2014
82,Bahrain,$373.34,1 Player,2014
83,North Macedonia,$227.10,1 Player,2014
84,Montenegro,$187.05,5 Players,2014
85,Brunei Darussalam,$91.60,5 Players,2014
86,Cyprus,$31.15,1 Player,2014
0,China,"$14,305,015.02",710 Players,2015
1,United States,"$13,222,465.48",2757 Players,2015
2,"Korea, Republic of","$6,712,373.65",620 Players,2015
3,Sweden,"$4,027,982.58",533 Players,2015
4,Canada,"$3,726,324.21",473 Players,2015
5,Denmark,"$2,266,478.69",287 Players,2015
6,Russian Federation,"$2,105,759.10",682 Players,2015
7,Ukraine,"$2,025,030.52",174 Players,2015
8,Pakistan,"$1,731,607.74",2 Players,2015
9,Germany,"$1,718,398.06",742 Players,2015
10,France,"$1,454,604.42",583 Players,2015
11,United Kingdom,"$1,005,198.42",584 Players,2015
12,Poland,"$953,988.50",361 Players,2015
13,Singapore,"$859,627.33",123 Players,2015
14,"Taiwan, Republic of China","$680,553.66",113 Players,2015
15,Japan,"$579,881.36",178 Players,2015
16,Brazil,"$557,948.84",507 Players,2015
17,Malaysia,"$514,344.84",136 Players,2015
18,Australia,"$507,429.95",332 Players,2015
19,Estonia,"$479,092.36",46 Players,2015
20,Belarus,"$468,623.04",39 Players,2015
21,Netherlands,"$457,800.03",214 Players,2015
22,Romania,"$374,350.91",75 Players,2015
23,Thailand,"$368,359.23",121 Players,2015
24,Finland,"$359,220.14",244 Players,2015
25,Spain,"$356,956.26",308 Players,2015
26,Macao,"$319,566.58",1 Player,2015
27,Israel,"$306,483.00",25 Players,2015
28,Philippines,"$299,276.62",104 Players,2015
29,Norway,"$270,008.73",138 Players,2015
30,Jordan,"$254,906.87",16 Players,2015
31,Viet Nam,"$248,444.16",135 Players,2015
32,Bulgaria,"$169,266.53",98 Players,2015
33,Portugal,"$152,119.48",137 Players,2015
34,Slovakia,"$132,579.52",48 Players,2015
35,Belgium,"$113,820.40",81 Players,2015
36,Mexico,"$113,404.25",55 Players,2015
37,Greece,"$112,868.33",102 Players,2015
38,Chile,"$111,271.73",53 Players,2015
39,Hong Kong,"$103,969.03",55 Players,2015
40,Peru,"$91,616.69",32 Players,2015
41,Czech Republic,"$88,737.31",112 Players,2015
42,Argentina,"$88,454.82",107 Players,2015
43,Italy,"$75,264.58",86 Players,2015
44,Kazakhstan,"$65,086.28",49 Players,2015
45,Serbia,"$64,830.58",81 Players,2015
46,Saudi Arabia,"$60,388.07",7 Players,2015
47,Turkey,"$57,356.61",76 Players,2015
48,Hungary,"$49,990.43",103 Players,2015
49,Slovenia,"$45,684.60",22 Players,2015
50,Croatia,"$38,246.98",31 Players,2015
51,New Zealand,"$38,203.26",35 Players,2015
52,South Africa,"$36,129.83",170 Players,2015
53,Indonesia,"$32,172.69",40 Players,2015
54,Switzerland,"$30,116.40",38 Players,2015
55,Venezuela,"$29,258.45",14 Players,2015
56,Bosnia and Herzegovina,"$27,183.45",16 Players,2015
57,Austria,"$24,888.04",54 Players,2015
58,Ireland,"$22,929.71",27 Players,2015
59,"Moldova, Republic of","$21,612.81",5 Players,2015
60,North Macedonia,"$19,974.49",4 Players,2015
61,Kuwait,"$18,134.14",11 Players,2015
62,Iraq,"$15,031.98",5 Players,2015
63,Puerto Rico,"$11,369.50",6 Players,2015
64,Sri Lanka,"$10,572.47",1 Player,2015
65,India,"$10,370.52",75 Players,2015
66,Lithuania,"$9,569.88",57 Players,2015
67,Latvia,"$8,036.93",44 Players,2015
68,Lebanon,"$7,858.45",7 Players,2015
69,Colombia,"$7,309.38",7 Players,2015
70,Bolivia,"$6,529.60",2 Players,2015
71,Afghanistan,"$6,126.51",1 Player,2015
72,United Arab Emirates,"$5,935.74",15 Players,2015
73,Algeria,"$5,915.70",6 Players,2015
74,Malta,"$5,370.28",50 Players,2015
75,Iceland,"$4,992.93",25 Players,2015
76,Kyrgyzstan,"$4,522.39",10 Players,2015
77,Cuba,"$3,194.90",3 Players,2015
78,Uruguay,"$3,012.01",2 Players,2015
79,Mongolia,"$2,852.56",8 Players,2015
80,Nicaragua,"$2,584.55",1 Player,2015
81,Azerbaijan,"$1,785.35",5 Players,2015
82,Georgia,"$1,613.61",2 Players,2015
83,"Iran, Islamic Republic of","$1,394.00",6 Players,2015
84,Morocco,"$1,309.41",6 Players,2015
85,Bahrain,"$1,289.10",1 Player,2015
86,Tunisia,$785.94,7 Players,2015
87,Armenia,$596.44,3 Players,2015
88,Brunei Darussalam,$495.90,5 Players,2015
89,Egypt,$444.53,6 Players,2015
90,Dominican Republic,$275.60,1 Player,2015
91,Albania,$137.56,1 Player,2015
92,Luxembourg,$108.17,2 Players,2015
93,Cyprus,$107.21,1 Player,2015
94,Montenegro,$100.01,1 Player,2015
95,Uzbekistan,$59.17,2 Players,2015
96,Faroe Islands,$54.01,1 Player,2015
97,Panama,$47.50,1 Player,2015
98,Ecuador,$37.50,2 Players,2015
99,Jamaica,$30.00,1 Player,2015
100,Liechtenstein,$28.47,1 Player,2015
101,Maldives,$0.00,1 Player,2015
0,China,"$20,124,200.37",1172 Players,2016
1,United States,"$15,478,783.20",3282 Players,2016
2,"Korea, Republic of","$12,855,276.49",916 Players,2016
3,Sweden,"$5,370,614.48",627 Players,2016
4,Denmark,"$4,571,635.78",348 Players,2016
5,Canada,"$3,235,736.91",524 Players,2016
6,Brazil,"$2,851,723.24",497 Players,2016
7,Ukraine,"$2,484,810.87",124 Players,2016
8,Germany,"$2,453,383.12",670 Players,2016
9,Russian Federation,"$2,344,314.77",532 Players,2016
10,Malaysia,"$2,147,110.88",124 Players,2016
11,France,"$2,140,835.08",655 Players,2016
12,United Kingdom,"$2,071,347.87",656 Players,2016
13,Poland,"$1,761,734.26",381 Players,2016
14,Australia,"$1,503,057.80",531 Players,2016
15,Finland,"$1,471,397.37",318 Players,2016
16,Philippines,"$1,224,446.06",141 Players,2016
17,Romania,"$1,168,958.53",77 Players,2016
18,"Taiwan, Republic of China","$928,043.75",219 Players,2016
19,North Macedonia,"$758,973.40",1 Player,2016
20,Pakistan,"$659,729.80",2 Players,2016
21,Greece,"$650,846.41",53 Players,2016
22,Israel,"$602,312.21",34 Players,2016
23,Spain,"$600,272.10",344 Players,2016
24,Norway,"$589,410.14",213 Players,2016
25,Bulgaria,"$556,079.62",71 Players,2016
26,Netherlands,"$539,258.20",215 Players,2016
27,Singapore,"$475,634.68",103 Players,2016
28,Thailand,"$473,476.47",145 Players,2016
29,Japan,"$469,878.23",210 Players,2016
30,Jordan,"$461,023.45",17 Players,2016
31,Estonia,"$332,541.03",42 Players,2016
32,Turkey,"$277,469.58",129 Players,2016
33,Slovakia,"$258,021.78",60 Players,2016
34,Kazakhstan,"$239,824.16",24 Players,2016
35,Belgium,"$235,326.42",95 Players,2016
36,Viet Nam,"$224,823.74",143 Players,2016
37,Hong Kong,"$194,806.49",70 Players,2016
38,New Zealand,"$169,383.43",66 Players,2016
39,Mexico,"$157,303.82",86 Players,2016
40,Czech Republic,"$152,142.30",137 Players,2016
41,South Africa,"$150,501.19",122 Players,2016
42,Italy,"$142,630.93",113 Players,2016
43,Macao,"$141,875.60",5 Players,2016
44,Portugal,"$131,832.58",165 Players,2016
45,Saudi Arabia,"$112,904.65",11 Players,2016
46,Peru,"$111,582.37",50 Players,2016
47,Belarus,"$108,283.03",35 Players,2016
48,Mongolia,"$95,390.38",16 Players,2016
49,Chile,"$94,679.51",98 Players,2016
50,Colombia,"$88,053.77",30 Players,2016
51,Bosnia and Herzegovina,"$83,513.39",9 Players,2016
52,Argentina,"$82,977.02",111 Players,2016
53,Indonesia,"$71,744.46",63 Players,2016
54,Hungary,"$61,262.71",70 Players,2016
55,Croatia,"$57,704.87",32 Players,2016
56,Lithuania,"$57,487.97",48 Players,2016
57,Ireland,"$55,154.83",24 Players,2016
58,Slovenia,"$53,030.17",23 Players,2016
59,India,"$52,399.16",142 Players,2016
60,Serbia,"$50,892.21",48 Players,2016
61,Latvia,"$31,471.63",47 Players,2016
62,Lebanon,"$29,383.32",14 Players,2016
63,United Arab Emirates,"$28,525.73",26 Players,2016
64,Puerto Rico,"$28,080.70",5 Players,2016
65,Austria,"$27,735.30",68 Players,2016
66,Switzerland,"$25,943.19",53 Players,2016
67,Kyrgyzstan,"$23,139.68",9 Players,2016
68,Iceland,"$16,984.89",42 Players,2016
69,Venezuela,"$15,312.23",23 Players,2016
70,Bahrain,"$14,827.85",1 Player,2016
71,Malta,"$12,635.40",81 Players,2016
72,Egypt,"$12,098.50",12 Players,2016
73,Montenegro,"$11,900.00",1 Player,2016
74,"Moldova, Republic of","$11,831.56",5 Players,2016
75,Cuba,"$10,103.57",3 Players,2016
76,Algeria,"$9,413.65",16 Players,2016
77,Bolivia,"$7,838.32",3 Players,2016
78,Dominican Republic,"$7,764.00",3 Players,2016
79,Iraq,"$6,461.66",2 Players,2016
80,Morocco,"$6,060.16",4 Players,2016
81,Nicaragua,"$5,778.79",1 Player,2016
82,Armenia,"$5,594.08",5 Players,2016
83,Georgia,"$5,383.31",8 Players,2016
84,Uruguay,"$4,869.00",16 Players,2016
85,Kuwait,"$4,735.75",4 Players,2016
86,Albania,"$4,450.00",1 Player,2016
87,Azerbaijan,"$4,258.27",6 Players,2016
88,Cambodia,"$3,507.25",5 Players,2016
89,Panama,"$3,390.73",1 Player,2016
90,Ecuador,"$3,182.55",6 Players,2016
91,Syrian Arab Republic,"$2,696.85",2 Players,2016
92,Tunisia,"$2,334.94",6 Players,2016
93,Bangladesh,"$1,481.31",12 Players,2016
94,Nepal,"$1,111.40",10 Players,2016
95,Kenya,$907.56,1 Player,2016
96,"Kosovo, Republic of",$795.29,1 Player,2016
97,Sri Lanka,$438.50,1 Player,2016
98,Lao People's Democratic Republic,$245.50,1 Player,2016
99,Guatemala,$224.00,1 Player,2016
100,French Polynesia,$200.63,1 Player,2016
101,Uzbekistan,$167.00,1 Player,2016
102,Luxembourg,$154.87,1 Player,2016
103,Andorra,$151.93,2 Players,2016
104,Cyprus,$90.00,1 Player,2016
105,Costa Rica,$67.26,2 Players,2016
106,Faroe Islands,$50.00,1 Player,2016
107,Saint Martin,$50.00,1 Player,2016
108,Paraguay,$20.65,1 Player,2016
109,"Palestinian Territory, Occupied",$20.00,1 Player,2016
110,Mauritius,$10.71,1 Player,2016
0,China,"$17,598,596.10",1281 Players,2017
1,United States,"$15,413,636.98",3415 Players,2017
2,"Korea, Republic of","$12,206,325.90",971 Players,2017
3,Denmark,"$5,037,183.62",394 Players,2017
4,Germany,"$4,916,428.87",799 Players,2017
5,Sweden,"$4,809,293.35",642 Players,2017
6,Finland,"$3,993,548.13",383 Players,2017
7,France,"$3,852,240.20",831 Players,2017
8,Russian Federation,"$3,698,928.41",665 Players,2017
9,Brazil,"$3,380,164.44",756 Players,2017
10,Canada,"$2,925,990.35",590 Players,2017
11,United Kingdom,"$2,924,730.68",686 Players,2017
12,Ukraine,"$2,816,306.00",169 Players,2017
13,Jordan,"$2,735,011.78",20 Players,2017
14,Bulgaria,"$2,638,139.17",96 Players,2017
15,Australia,"$2,578,286.35",618 Players,2017
16,Lebanon,"$2,450,968.76",23 Players,2017
17,Poland,"$2,399,431.64",617 Players,2017
18,Philippines,"$2,149,289.99",173 Players,2017
19,"Taiwan, Republic of China","$1,673,484.00",236 Players,2017
20,Malaysia,"$1,119,831.57",179 Players,2017
21,Netherlands,"$1,039,002.17",274 Players,2017
22,Japan,"$904,251.70",246 Players,2017
23,Viet Nam,"$795,100.34",237 Players,2017
24,Norway,"$744,271.80",181 Players,2017
25,Spain,"$655,219.75",342 Players,2017
26,Kazakhstan,"$628,363.53",55 Players,2017
27,Thailand,"$608,346.33",225 Players,2017
28,Macao,"$560,661.66",3 Players,2017
29,Mexico,"$550,572.05",92 Players,2017
30,Turkey,"$486,586.08",150 Players,2017
31,Israel,"$472,886.17",58 Players,2017
32,Italy,"$468,720.96",231 Players,2017
33,Estonia,"$461,646.45",71 Players,2017
34,Slovakia,"$452,552.04",68 Players,2017
35,Belarus,"$417,228.03",65 Players,2017
36,Peru,"$401,148.78",98 Players,2017
37,Singapore,"$396,259.14",177 Players,2017
38,Bosnia and Herzegovina,"$335,652.36",11 Players,2017
39,Czech Republic,"$285,173.49",127 Players,2017
40,Belgium,"$282,377.20",123 Players,2017
41,Pakistan,"$278,361.70",16 Players,2017
42,Dominican Republic,"$270,184.87",5 Players,2017
43,South Africa,"$249,576.58",182 Players,2017
44,Hong Kong,"$248,062.25",102 Players,2017
45,Croatia,"$235,237.93",56 Players,2017
46,Chile,"$215,821.87",109 Players,2017
47,Romania,"$215,296.97",80 Players,2017
48,Portugal,"$206,383.47",203 Players,2017
49,Argentina,"$203,720.58",156 Players,2017
50,Indonesia,"$199,674.95",152 Players,2017
51,Saudi Arabia,"$180,086.05",14 Players,2017
52,New Zealand,"$176,913.10",79 Players,2017
53,Austria,"$174,146.88",85 Players,2017
54,Greece,"$166,093.70",97 Players,2017
55,Serbia,"$165,190.49",78 Players,2017
56,Ireland,"$127,569.72",30 Players,2017
57,Hungary,"$121,696.69",102 Players,2017
58,Switzerland,"$106,492.95",82 Players,2017
59,Lithuania,"$90,130.25",73 Players,2017
60,India,"$85,391.33",164 Players,2017
61,North Macedonia,"$78,116.51",5 Players,2017
62,Puerto Rico,"$74,841.17",17 Players,2017
63,Slovenia,"$62,699.43",26 Players,2017
64,Latvia,"$60,927.95",79 Players,2017
65,United Arab Emirates,"$56,269.99",25 Players,2017
66,Colombia,"$46,634.76",25 Players,2017
67,Bahrain,"$33,195.00",2 Players,2017
68,Algeria,"$32,974.77",16 Players,2017
69,Mongolia,"$32,116.97",29 Players,2017
70,Iraq,"$31,920.60",10 Players,2017
71,Montenegro,"$27,550.00",2 Players,2017
72,Uruguay,"$22,952.49",14 Players,2017
73,Kuwait,"$19,250.07",24 Players,2017
74,Kyrgyzstan,"$15,648.53",14 Players,2017
75,"Moldova, Republic of","$14,823.32",7 Players,2017
76,Iceland,"$14,681.24",27 Players,2017
77,Armenia,"$13,960.05",4 Players,2017
78,Morocco,"$13,488.70",13 Players,2017
79,Venezuela,"$11,541.34",43 Players,2017
80,Ecuador,"$10,263.49",5 Players,2017
81,Malta,"$9,250.25",50 Players,2017
82,Nicaragua,"$9,091.07",1 Player,2017
83,Tunisia,"$7,291.41",12 Players,2017
84,Egypt,"$6,748.68",12 Players,2017
85,El Salvador,"$6,300.00",6 Players,2017
86,Panama,"$5,457.14",4 Players,2017
87,Cambodia,"$5,415.25",5 Players,2017
88,Gibraltar,"$4,500.00",1 Player,2017
89,Sri Lanka,"$3,663.40",16 Players,2017
90,Uzbekistan,"$3,512.18",3 Players,2017
91,Georgia,"$3,256.13",27 Players,2017
92,Azerbaijan,"$3,136.66",7 Players,2017
93,Guatemala,"$2,884.54",9 Players,2017
94,Albania,"$2,868.16",2 Players,2017
95,Bolivia,"$2,108.25",2 Players,2017
96,Syrian Arab Republic,"$1,606.37",3 Players,2017
97,Cuba,"$1,155.00",2 Players,2017
98,Lao People's Democratic Republic,"$1,033.89",4 Players,2017
99,Bangladesh,$935.65,10 Players,2017
100,"Kosovo, Republic of",$834.33,1 Player,2017
101,"Palestinian Territory, Occupied",$659.32,3 Players,2017
102,Trinidad and Tobago,$594.75,1 Player,2017
103,Kenya,$575.06,1 Player,2017
104,Madagascar,$458.00,1 Player,2017
105,"Iran, Islamic Republic of",$381.60,9 Players,2017
106,Åland Islands,$250.00,1 Player,2017
107,Ethiopia,$139.99,1 Player,2017
108,Andorra,$139.71,1 Player,2017
109,Luxembourg,$130.65,3 Players,2017
110,New Caledonia,$112.97,1 Player,2017
111,Monaco,$112.50,1 Player,2017
112,Paraguay,$112.50,1 Player,2017
113,Bahamas,$66.00,1 Player,2017
114,Costa Rica,$49.65,1 Player,2017
115,French Polynesia,$45.00,1 Player,2017
116,Cyprus,$33.33,1 Player,2017
117,Saint Kitts and Nevis,$20.00,1 Player,2017
118,Faroe Islands,$11.55,1 Player,2017
0,United States,"$30,018,826.48",4159 Players,2018
1,China,"$20,901,475.42",1318 Players,2018
2,"Korea, Republic of","$14,396,200.18",1255 Players,2018
3,Denmark,"$10,613,229.61",438 Players,2018
4,Finland,"$7,567,419.61",362 Players,2018
5,Russian Federation,"$7,122,529.94",882 Players,2018
6,Sweden,"$6,486,915.46",547 Players,2018
7,France,"$6,475,985.36",1067 Players,2018
8,Canada,"$5,160,796.26",767 Players,2018
9,Germany,"$4,497,278.92",894 Players,2018
10,Australia,"$4,257,868.87",798 Players,2018
11,Brazil,"$3,583,823.99",741 Players,2018
12,United Kingdom,"$3,217,372.14",834 Players,2018
13,Poland,"$3,087,524.77",553 Players,2018
14,Japan,"$2,806,104.47",357 Players,2018
15,Ukraine,"$2,659,964.41",201 Players,2018
16,Malaysia,"$2,360,173.40",186 Players,2018
17,"Taiwan, Republic of China","$2,122,008.36",312 Players,2018
18,Netherlands,"$1,949,220.83",355 Players,2018
19,Thailand,"$1,824,655.29",334 Players,2018
20,Bulgaria,"$1,368,281.44",99 Players,2018
21,Turkey,"$1,284,592.36",203 Players,2018
22,Philippines,"$1,229,080.77",162 Players,2018
23,Jordan,"$1,141,507.52",11 Players,2018
24,Norway,"$1,114,570.13",231 Players,2018
25,Spain,"$1,058,500.84",416 Players,2018
26,Israel,"$987,090.90",56 Players,2018
27,Pakistan,"$896,217.07",66 Players,2018
28,Belgium,"$872,594.49",145 Players,2018
29,Viet Nam,"$870,766.12",287 Players,2018
30,Saudi Arabia,"$788,281.26",35 Players,2018
31,Czech Republic,"$743,144.91",168 Players,2018
32,Estonia,"$687,258.24",50 Players,2018
33,Lebanon,"$683,309.41",24 Players,2018
34,Singapore,"$582,949.43",161 Players,2018
35,Italy,"$536,612.18",216 Players,2018
36,Indonesia,"$525,318.19",242 Players,2018
37,Switzerland,"$498,466.99",111 Players,2018
38,Slovakia,"$487,180.05",83 Players,2018
39,Mexico,"$483,177.07",133 Players,2018
40,Argentina,"$382,633.62",186 Players,2018
41,Kazakhstan,"$377,398.06",66 Players,2018
42,Greece,"$348,845.93",127 Players,2018
43,Hungary,"$342,404.35",119 Players,2018
44,Belarus,"$301,008.50",83 Players,2018
45,Lithuania,"$277,375.49",81 Players,2018
46,New Zealand,"$268,117.54",77 Players,2018
47,Hong Kong,"$267,620.90",107 Players,2018
48,Portugal,"$267,451.26",195 Players,2018
49,South Africa,"$261,704.34",142 Players,2018
50,Croatia,"$252,394.55",45 Players,2018
51,Austria,"$250,259.70",189 Players,2018
52,Bosnia and Herzegovina,"$233,158.45",12 Players,2018
53,Romania,"$222,821.73",109 Players,2018
54,Latvia,"$220,604.77",93 Players,2018
55,Serbia,"$209,913.94",67 Players,2018
56,Peru,"$199,527.19",101 Players,2018
57,Ireland,"$186,897.46",60 Players,2018
58,Macao,"$172,004.08",15 Players,2018
59,Slovenia,"$154,428.49",27 Players,2018
60,India,"$135,606.73",122 Players,2018
61,Chile,"$120,253.79",122 Players,2018
62,Gibraltar,"$119,304.51",1 Player,2018
63,Colombia,"$96,382.49",39 Players,2018
64,Dominican Republic,"$84,988.56",12 Players,2018
65,United Arab Emirates,"$70,638.86",24 Players,2018
66,"Moldova, Republic of","$64,777.79",7 Players,2018
67,Puerto Rico,"$60,215.12",9 Players,2018
68,Kyrgyzstan,"$54,299.99",26 Players,2018
69,Malta,"$53,229.74",41 Players,2018
70,Tunisia,"$49,326.16",18 Players,2018
71,Mongolia,"$47,936.18",21 Players,2018
72,Iceland,"$46,985.95",17 Players,2018
73,Armenia,"$44,238.58",13 Players,2018
74,"Palestinian Territory, Occupied","$38,889.50",4 Players,2018
75,Kuwait,"$37,352.09",26 Players,2018
76,North Macedonia,"$35,699.14",10 Players,2018
77,Uruguay,"$30,039.56",18 Players,2018
78,Cuba,"$29,423.75",3 Players,2018
79,Morocco,"$28,541.98",13 Players,2018
80,Panama,"$27,085.00",7 Players,2018
81,Venezuela,"$24,318.50",16 Players,2018
82,Montenegro,"$23,742.98",3 Players,2018
83,Ethiopia,"$22,796.63",1 Player,2018
84,Egypt,"$15,794.49",16 Players,2018
85,Algeria,"$9,893.29",13 Players,2018
86,Faroe Islands,"$9,070.05",20 Players,2018
87,Bolivia,"$7,460.44",4 Players,2018
88,Uzbekistan,"$7,430.59",5 Players,2018
89,Lao People's Democratic Republic,"$6,516.80",29 Players,2018
90,Bahrain,"$5,867.82",3 Players,2018
91,Syrian Arab Republic,"$5,810.26",5 Players,2018
92,Myanmar,"$5,525.00",28 Players,2018
93,Azerbaijan,"$5,435.21",8 Players,2018
94,Mauritius,"$5,344.33",2 Players,2018
95,"Iran, Islamic Republic of","$4,796.50",28 Players,2018
96,Iraq,"$4,548.82",9 Players,2018
97,Luxembourg,"$4,542.53",6 Players,2018
98,Nicaragua,"$3,802.88",1 Player,2018
99,Georgia,"$3,799.88",13 Players,2018
100,Guatemala,"$3,753.33",7 Players,2018
101,Afghanistan,"$3,000.00",1 Player,2018
102,Brunei Darussalam,"$2,472.00",24 Players,2018
103,Cambodia,"$2,250.00",26 Players,2018
104,Ecuador,"$1,593.33",2 Players,2018
105,Greenland,"$1,500.00",1 Player,2018
106,"Kosovo, Republic of","$1,276.00",4 Players,2018
107,Albania,"$1,247.85",2 Players,2018
108,Costa Rica,"$1,144.56",3 Players,2018
109,New Caledonia,"$1,000.00",1 Player,2018
110,Bangladesh,$600.00,6 Players,2018
111,Qatar,$570.28,1 Player,2018
112,Trinidad and Tobago,$543.38,1 Player,2018
113,Zambia,$411.24,2 Players,2018
114,El Salvador,$409.72,1 Player,2018
115,Sri Lanka,$285.14,1 Player,2018
116,Bermuda,$200.00,1 Player,2018
117,Bahamas,$197.00,1 Player,2018
118,Maldives,$121.54,2 Players,2018
119,Yemen,$120.00,1 Player,2018
120,Monaco,$113.00,1 Player,2018
121,Paraguay,$54.94,1 Player,2018
122,United States Minor Outlying Islands,$30.00,1 Player,2018
123,Isle of Man,$15.00,1 Player,2018
0,United States,"$44,717,913.13",5742 Players,2019
1,China,"$23,304,325.80",1254 Players,2019
2,"Korea, Republic of","$16,861,526.44",1168 Players,2019
3,France,"$10,507,199.17",1285 Players,2019
4,Finland,"$9,886,516.96",354 Players,2019
5,Denmark,"$9,566,236.29",506 Players,2019
6,Sweden,"$6,876,246.47",536 Players,2019
7,Canada,"$6,867,625.41",949 Players,2019
8,United Kingdom,"$6,865,587.15",945 Players,2019
9,Australia,"$6,682,306.86",881 Players,2019
10,Germany,"$6,107,572.43",1189 Players,2019
11,Brazil,"$5,952,872.99",1108 Players,2019
12,Russian Federation,"$5,834,679.25",835 Players,2019
13,Norway,"$3,522,734.33",225 Players,2019
14,Japan,"$3,440,128.68",634 Players,2019
15,Netherlands,"$3,192,095.65",486 Players,2019
16,"Taiwan, Republic of China","$2,939,428.62",312 Players,2019
17,Poland,"$2,919,889.88",504 Players,2019
18,Philippines,"$2,873,200.70",195 Players,2019
19,Austria,"$2,791,265.34",211 Players,2019
20,Malaysia,"$2,307,161.49",239 Players,2019
21,Bulgaria,"$2,297,050.70",83 Players,2019
22,Thailand,"$2,281,561.42",403 Players,2019
23,Argentina,"$2,162,263.12",232 Players,2019
24,Spain,"$1,861,408.29",509 Players,2019
25,Jordan,"$1,753,186.25",26 Players,2019
26,Ukraine,"$1,450,935.70",280 Players,2019
27,Indonesia,"$1,350,080.90",494 Players,2019
28,Viet Nam,"$1,211,813.90",316 Players,2019
29,Italy,"$1,173,799.76",242 Players,2019
30,Lebanon,"$1,164,813.58",26 Players,2019
31,Romania,"$1,057,326.31",104 Players,2019
32,Belgium,"$1,032,823.85",185 Players,2019
33,Estonia,"$1,004,952.87",43 Players,2019
34,Peru,"$975,116.12",121 Players,2019
35,Switzerland,"$903,471.06",177 Players,2019
36,Mexico,"$826,725.27",174 Players,2019
37,Saudi Arabia,"$775,080.23",104 Players,2019
38,Turkey,"$754,036.02",191 Players,2019
39,New Zealand,"$726,061.38",103 Players,2019
40,Pakistan,"$634,313.55",101 Players,2019
41,Czech Republic,"$595,821.74",190 Players,2019
42,Israel,"$587,547.60",74 Players,2019
43,Kazakhstan,"$525,487.30",105 Players,2019
44,India,"$522,026.12",204 Players,2019
45,Hong Kong,"$510,307.26",100 Players,2019
46,Belarus,"$484,920.01",110 Players,2019
47,Portugal,"$441,506.80",229 Players,2019
48,Slovenia,"$404,184.51",49 Players,2019
49,Slovakia,"$397,269.68",59 Players,2019
50,Lithuania,"$366,203.28",87 Players,2019
51,Singapore,"$364,262.80",170 Players,2019
52,Kyrgyzstan,"$274,785.80",15 Players,2019
53,Latvia,"$253,955.15",90 Players,2019
54,Serbia,"$247,411.34",80 Players,2019
55,Bosnia and Herzegovina,"$244,938.99",19 Players,2019
56,Hungary,"$223,063.42",113 Players,2019
57,Greece,"$221,316.08",92 Players,2019
58,Croatia,"$216,719.38",52 Players,2019
59,Ireland,"$214,269.87",63 Players,2019
60,Bolivia,"$202,851.83",10 Players,2019
61,Chile,"$182,911.70",123 Players,2019
62,Macao,"$178,619.29",17 Players,2019
63,Tunisia,"$149,016.17",16 Players,2019
64,United Arab Emirates,"$138,271.02",49 Players,2019
65,North Macedonia,"$121,336.88",23 Players,2019
66,South Africa,"$119,448.11",94 Players,2019
67,Uzbekistan,"$104,153.93",20 Players,2019
68,Egypt,"$88,524.20",26 Players,2019
69,Puerto Rico,"$77,721.74",13 Players,2019
70,Afghanistan,"$74,245.60",1 Player,2019
71,Uruguay,"$73,582.41",23 Players,2019
72,Mongolia,"$65,371.08",28 Players,2019
73,Iceland,"$63,533.38",41 Players,2019
74,Iraq,"$60,854.70",35 Players,2019
75,Dominican Republic,"$56,174.87",39 Players,2019
76,Colombia,"$54,521.26",51 Players,2019
77,Cuba,"$42,267.33",3 Players,2019
78,Montenegro,"$39,016.88",4 Players,2019
79,Malta,"$38,526.34",39 Players,2019
80,Morocco,"$35,672.69",22 Players,2019
81,Costa Rica,"$33,986.67",32 Players,2019
82,"Kosovo, Republic of","$33,558.09",10 Players,2019
83,Luxembourg,"$33,167.34",16 Players,2019
84,Cambodia,"$31,473.76",47 Players,2019
85,Azerbaijan,"$31,367.62",44 Players,2019
86,Albania,"$30,459.64",13 Players,2019
87,"Iran, Islamic Republic of","$28,156.74",52 Players,2019
88,Myanmar,"$23,298.97",52 Players,2019
89,Armenia,"$22,637.41",7 Players,2019
90,Syrian Arab Republic,"$21,515.00",6 Players,2019
91,Algeria,"$19,383.33",9 Players,2019
92,Georgia,"$17,385.10",21 Players,2019
93,Nepal,"$14,016.64",6 Players,2019
94,Kuwait,"$14,011.09",16 Players,2019
95,Bahrain,"$13,479.49",2 Players,2019
96,"Moldova, Republic of","$12,643.10",10 Players,2019
97,Guatemala,"$11,219.92",6 Players,2019
98,Paraguay,"$8,920.03",14 Players,2019
99,Oman,"$8,900.00",4 Players,2019
100,Venezuela,"$8,643.37",24 Players,2019
101,Greenland,"$7,525.00",2 Players,2019
102,Lao People's Democratic Republic,"$6,286.59",26 Players,2019
103,Ecuador,"$5,749.84",15 Players,2019
104,Qatar,"$5,747.26",6 Players,2019
105,Nicaragua,"$5,563.83",4 Players,2019
106,"Palestinian Territory, Occupied","$4,517.63",4 Players,2019
107,Honduras,"$3,911.87",8 Players,2019
108,Senegal,"$3,450.00",6 Players,2019
109,Ghana,"$2,808.76",5 Players,2019
110,Brunei Darussalam,"$2,694.00",26 Players,2019
111,Gibraltar,"$2,400.00",1 Player,2019
112,New Caledonia,"$2,000.00",1 Player,2019
113,Panama,"$1,338.51",9 Players,2019
114,Zambia,"$1,224.20",2 Players,2019
115,Jamaica,$838.63,2 Players,2019
116,Ethiopia,$733.33,1 Player,2019
117,Andorra,$648.62,2 Players,2019
118,Monaco,$450.00,1 Player,2019
119,Belize,$250.00,1 Player,2019
120,Turkmenistan,$220.40,1 Player,2019
121,Sri Lanka,$210.00,1 Player,2019
122,Bangladesh,$200.00,1 Player,2019
123,Kenya,$150.00,1 Player,2019
124,Faroe Islands,$100.00,5 Players,2019
125,Côte D'Ivoire,$71.90,1 Player,2019
126,Jersey,$60.00,1 Player,2019
127,Liechtenstein,$28.00,1 Player,2019
128,Aruba,$14.17,1 Player,2019
129,El Salvador,$11.00,1 Player,2019
0,United States,"$23,293,003.00",4953 Players,2020
1,China,"$21,825,279.76",1135 Players,2020
2,"Korea, Republic of","$10,346,744.97",1009 Players,2020
3,France,"$5,153,440.04",1053 Players,2020
4,Brazil,"$5,042,510.30",979 Players,2020
5,United Kingdom,"$4,625,031.78",853 Players,2020
6,Russian Federation,"$4,497,265.89",848 Players,2020
7,Denmark,"$4,103,403.21",417 Players,2020
8,Germany,"$4,047,454.28",1108 Players,2020
9,Canada,"$3,757,224.68",687 Players,2020
10,Thailand,"$2,870,198.22",593 Players,2020
11,Sweden,"$2,726,615.46",518 Players,2020
12,Japan,"$2,310,366.90",577 Players,2020
13,Australia,"$2,297,558.02",726 Players,2020
14,Poland,"$1,805,764.35",530 Players,2020
15,"Taiwan, Republic of China","$1,800,521.25",274 Players,2020
16,Finland,"$1,734,937.78",353 Players,2020
17,Indonesia,"$1,644,706.20",516 Players,2020
18,Netherlands,"$1,320,774.93",411 Players,2020
19,Ukraine,"$1,277,824.88",238 Players,2020
20,Norway,"$1,252,663.08",226 Players,2020
21,Spain,"$1,220,963.63",526 Players,2020
22,Viet Nam,"$1,204,068.87",477 Players,2020
23,Turkey,"$861,123.76",254 Players,2020
24,Saudi Arabia,"$773,309.80",169 Players,2020
25,Mexico,"$746,379.55",250 Players,2020
26,Italy,"$735,751.05",309 Players,2020
27,Argentina,"$682,642.10",228 Players,2020
28,Philippines,"$641,071.87",209 Players,2020
29,Bulgaria,"$622,259.84",72 Players,2020
30,Malaysia,"$599,484.64",163 Players,2020
31,Czech Republic,"$583,641.14",253 Players,2020
32,Kazakhstan,"$496,294.86",61 Players,2020
33,Singapore,"$491,030.93",133 Players,2020
34,Estonia,"$450,843.33",84 Players,2020
35,Belgium,"$447,428.00",172 Players,2020
36,Slovenia,"$432,666.95",24 Players,2020
37,Jordan,"$427,634.50",23 Players,2020
38,Austria,"$410,238.30",144 Players,2020
39,Portugal,"$385,545.31",190 Players,2020
40,Peru,"$321,481.76",119 Players,2020
41,India,"$316,146.51",253 Players,2020
42,Belarus,"$303,210.68",86 Players,2020
43,Israel,"$291,318.93",57 Players,2020
44,Serbia,"$283,949.61",109 Players,2020
45,Latvia,"$257,811.48",62 Players,2020
46,Romania,"$251,697.65",111 Players,2020
47,New Zealand,"$250,773.27",67 Players,2020
48,Chile,"$240,737.85",130 Players,2020
49,Lithuania,"$226,388.48",121 Players,2020
50,Greece,"$224,888.05",93 Players,2020
51,Hungary,"$216,148.87",145 Players,2020
52,Slovakia,"$215,125.57",78 Players,2020
53,Switzerland,"$211,591.38",155 Players,2020
54,Hong Kong,"$209,959.01",88 Players,2020
55,Croatia,"$192,830.57",59 Players,2020
56,Bosnia and Herzegovina,"$173,888.88",25 Players,2020
57,Mongolia,"$164,044.80",68 Players,2020
58,Nepal,"$145,626.80",41 Players,2020
59,Uzbekistan,"$144,081.66",19 Players,2020
60,Lebanon,"$140,583.74",22 Players,2020
61,"Iran, Islamic Republic of","$134,234.27",14 Players,2020
62,Ireland,"$132,678.61",56 Players,2020
63,South Africa,"$124,943.49",84 Players,2020
64,Pakistan,"$120,656.49",129 Players,2020
65,North Macedonia,"$115,016.83",23 Players,2020
66,Armenia,"$112,713.43",20 Players,2020
67,"Moldova, Republic of","$97,570.22",11 Players,2020
68,Kyrgyzstan,"$93,598.60",8 Players,2020
69,Colombia,"$83,309.62",57 Players,2020
70,Macao,"$71,406.66",9 Players,2020
71,Puerto Rico,"$57,678.40",30 Players,2020
72,Georgia,"$49,219.75",22 Players,2020
73,Bangladesh,"$48,693.56",17 Players,2020
74,Morocco,"$46,889.56",24 Players,2020
75,Bahrain,"$45,550.00",7 Players,2020
76,Cuba,"$45,336.82",12 Players,2020
77,Egypt,"$45,088.76",32 Players,2020
78,Azerbaijan,"$44,031.05",33 Players,2020
79,Montenegro,"$40,333.23",4 Players,2020
80,Afghanistan,"$37,720.00",2 Players,2020
81,Honduras,"$36,908.00",1 Player,2020
82,"Kosovo, Republic of","$35,166.85",12 Players,2020
83,Bolivia,"$31,853.07",7 Players,2020
84,Albania,"$29,865.78",18 Players,2020
85,Syrian Arab Republic,"$29,623.10",22 Players,2020
86,Uruguay,"$26,929.08",13 Players,2020
87,Dominican Republic,"$25,176.62",27 Players,2020
88,Costa Rica,"$23,527.50",5 Players,2020
89,Venezuela,"$22,539.64",12 Players,2020
90,United Arab Emirates,"$21,786.55",29 Players,2020
91,Iceland,"$21,191.79",26 Players,2020
92,Lao People's Democratic Republic,"$20,807.76",6 Players,2020
93,Guatemala,"$19,592.50",9 Players,2020
94,Iraq,"$18,515.89",14 Players,2020
95,Brunei Darussalam,"$18,399.99",10 Players,2020
96,Tunisia,"$17,300.60",21 Players,2020
97,Myanmar,"$16,279.67",23 Players,2020
98,Oman,"$12,370.00",3 Players,2020
99,Ecuador,"$11,023.71",8 Players,2020
100,Luxembourg,"$10,677.42",8 Players,2020
101,Algeria,"$8,292.54",16 Players,2020
102,Kuwait,"$7,925.00",9 Players,2020
103,Malta,"$7,898.62",21 Players,2020
104,Cambodia,"$4,500.00",10 Players,2020
105,Nicaragua,"$4,117.48",1 Player,2020
106,Paraguay,"$3,971.15",4 Players,2020
107,Yemen,"$3,720.00",2 Players,2020
108,Sri Lanka,"$2,400.00",5 Players,2020
109,Qatar,"$2,033.33",6 Players,2020
110,Panama,"$1,828.00",5 Players,2020
111,Cyprus,"$1,315.84",5 Players,2020
112,Gibraltar,$900.00,1 Player,2020
113,"Palestinian Territory, Occupied",$600.00,1 Player,2020
114,New Caledonia,$300.00,1 Player,2020
115,Faroe Islands,$200.00,1 Player,2020
116,Guernsey,$100.00,1 Player,2020
117,Jamaica,$75.75,1 Player,2020
118,Isle of Man,$60.00,1 Player,2020
119,Saint Barthélemy,$7.63,1 Player,2020
120,Monaco,$1.17,1 Player,2020
0,China,"$45,790,406.53",1291 Players,2021
1,United States,"$25,883,306.01",3865 Players,2021
2,Russian Federation,"$22,354,751.68",956 Players,2021
3,"Korea, Republic of","$12,401,315.17",944 Players,2021
4,Ukraine,"$10,362,809.85",309 Players,2021
5,Japan,"$8,344,026.78",631 Players,2021
6,Brazil,"$8,078,403.13",1014 Players,2021
7,United Kingdom,"$6,026,935.89",751 Players,2021
8,France,"$5,542,893.65",946 Players,2021
9,Denmark,"$5,349,250.75",311 Players,2021
10,Canada,"$4,850,405.41",619 Players,2021
11,Thailand,"$4,544,939.89",498 Players,2021
12,Germany,"$4,123,019.78",979 Players,2021
13,Sweden,"$3,489,245.73",382 Players,2021
14,Poland,"$3,372,975.53",512 Players,2021
15,Malaysia,"$3,068,886.71",182 Players,2021
16,Philippines,"$3,011,883.78",291 Players,2021
17,Indonesia,"$2,954,329.44",416 Players,2021
18,Australia,"$2,741,391.41",557 Players,2021
19,Finland,"$2,703,034.18",284 Players,2021
20,"Taiwan, Republic of China","$2,182,649.08",231 Players,2021
21,Turkey,"$2,004,406.99",386 Players,2021
22,Viet Nam,"$1,954,214.84",293 Players,2021
23,Spain,"$1,701,745.47",335 Players,2021
24,Peru,"$1,324,786.66",144 Players,2021
25,Netherlands,"$1,270,515.44",393 Players,2021
26,Saudi Arabia,"$1,229,032.63",201 Players,2021
27,Norway,"$1,196,708.23",185 Players,2021
28,Argentina,"$1,178,858.79",267 Players,2021
29,Mexico,"$1,058,819.98",199 Players,2021
30,Czech Republic,"$945,351.30",201 Players,2021
31,Singapore,"$928,080.49",139 Players,2021
32,Kazakhstan,"$916,210.92",64 Players,2021
33,Italy,"$875,728.37",262 Players,2021
34,Estonia,"$860,190.20",90 Players,2021
35,Jordan,"$845,300.55",23 Players,2021
36,Bulgaria,"$694,382.42",82 Players,2021
37,India,"$680,119.52",280 Players,2021
38,Serbia,"$649,744.11",67 Players,2021
39,Slovenia,"$648,616.87",24 Players,2021
40,Mongolia,"$584,276.92",74 Players,2021
41,Pakistan,"$543,335.01",51 Players,2021
42,Lithuania,"$521,993.66",76 Players,2021
43,Chile,"$507,708.50",144 Players,2021
44,Belarus,"$505,305.79",67 Players,2021
45,Belgium,"$479,864.29",154 Players,2021
46,Israel,"$453,603.22",41 Players,2021
47,Portugal,"$439,146.05",163 Players,2021
48,Switzerland,"$406,934.63",144 Players,2021
49,"Moldova, Republic of","$399,808.05",15 Players,2021
50,Croatia,"$384,693.87",53 Players,2021
51,Austria,"$353,536.49",97 Players,2021
52,North Macedonia,"$351,758.87",28 Players,2021
53,Bosnia and Herzegovina,"$328,655.31",25 Players,2021
54,Romania,"$309,861.50",124 Players,2021
55,Hong Kong,"$296,469.30",83 Players,2021
56,Slovakia,"$273,121.29",71 Players,2021
57,Latvia,"$255,434.36",74 Players,2021
58,South Africa,"$245,787.37",154 Players,2021
59,Azerbaijan,"$225,270.32",15 Players,2021
60,Uruguay,"$224,110.19",30 Players,2021
61,Hungary,"$213,166.95",132 Players,2021
62,Nepal,"$208,241.75",56 Players,2021
63,Greece,"$191,273.11",73 Players,2021
64,Bolivia,"$188,687.66",8 Players,2021
65,New Zealand,"$186,811.92",59 Players,2021
66,Colombia,"$178,510.96",60 Players,2021
67,Morocco,"$163,673.56",39 Players,2021
68,Armenia,"$162,057.23",9 Players,2021
69,Lebanon,"$156,604.33",31 Players,2021
70,Iraq,"$154,635.36",24 Players,2021
71,Ireland,"$152,372.39",45 Players,2021
72,Myanmar,"$122,194.75",15 Players,2021
73,Egypt,"$111,697.03",35 Players,2021
74,Uzbekistan,"$100,950.00",6 Players,2021
75,"Iran, Islamic Republic of","$92,677.79",38 Players,2021
76,Syrian Arab Republic,"$91,764.03",13 Players,2021
77,Algeria,"$84,770.94",17 Players,2021
78,Georgia,"$84,294.07",25 Players,2021
79,Afghanistan,"$76,333.33",3 Players,2021
80,"Kosovo, Republic of","$75,781.87",19 Players,2021
81,Puerto Rico,"$73,398.17",17 Players,2021
82,Bangladesh,"$67,110.29",22 Players,2021
83,Ecuador,"$64,816.89",11 Players,2021
84,Kuwait,"$56,726.48",12 Players,2021
85,Kyrgyzstan,"$53,675.77",9 Players,2021
86,Venezuela,"$53,124.08",20 Players,2021
87,Dominican Republic,"$50,232.32",14 Players,2021
88,United Arab Emirates,"$44,304.47",27 Players,2021
89,Senegal,"$40,052.50",2 Players,2021
90,Albania,"$37,555.37",33 Players,2021
91,Cambodia,"$36,750.00",24 Players,2021
92,Tunisia,"$31,540.43",12 Players,2021
93,Cuba,"$29,141.58",4 Players,2021
94,Macao,"$25,892.58",5 Players,2021
95,Lao People's Democratic Republic,"$24,444.32",6 Players,2021
96,Honduras,"$22,878.87",6 Players,2021
97,Nicaragua,"$21,231.36",2 Players,2021
98,Guatemala,"$21,122.05",6 Players,2021
99,Montenegro,"$20,767.50",3 Players,2021
100,Bahrain,"$19,131.46",8 Players,2021
101,Iceland,"$16,879.26",17 Players,2021
102,Luxembourg,"$13,984.72",9 Players,2021
103,Costa Rica,"$10,810.00",7 Players,2021
104,Malta,"$10,369.90",46 Players,2021
105,"Palestinian Territory, Occupied","$10,226.20",3 Players,2021
106,Qatar,"$5,758.25",4 Players,2021
107,Yemen,"$5,170.00",1 Player,2021
108,Sri Lanka,"$5,166.20",3 Players,2021
109,"Tanzania, United Republic of","$4,500.00",1 Player,2021
110,Monaco,"$4,375.00",1 Player,2021
111,Panama,"$2,300.00",2 Players,2021
112,Oman,"$1,600.00",1 Player,2021
113,French Polynesia,"$1,500.00",1 Player,2021
114,Angola,"$1,200.00",3 Players,2021
115,Brunei Darussalam,"$1,041.67",6 Players,2021
116,Guyana,$700.00,1 Player,2021
117,Paraguay,$427.00,6 Players,2021
118,Isle of Man,$410.00,1 Player,2021
119,Jamaica,$226.00,2 Players,2021
120,Gibraltar,$225.00,1 Player,2021
121,Mauritius,$175.00,5 Players,2021
122,Guernsey,$159.90,1 Player,2021
123,Wallis And Futuna,$100.00,1 Player,2021
124,Zimbabwe,$100.00,1 Player,2021
